<div style="display: flex; justify-content: center; align-items:center;"><div style="border-color: dimgrey; border-style:solid; border-width: 5px; width: 120px; height: 120px; display: flex; flex-direction:column; align-items:center; justify-content: center; position:relative"><div style="position:absolute; bottom:0px; left:5px;">10</div><div>{{c1::neon}}</div><div style="font-size:xxx-large">Ne </div><div style="position:absolute; bottom:2px;"></div></div></div>
<div style="display: flex; justify-content: center; align-items:center;"><div style="border-color: dimgrey; border-style:solid; border-width: 5px; width: 120px; height: 120px; display: flex; flex-direction:column; align-items:center; justify-content: center; position:relative"><div style="position:absolute; bottom:0px; left:5px;">9</div><div>{{c1::fluorine}}</div><div style="font-size:xxx-large">F </div><div style="position:absolute; bottom:2px;"></div></div></div>
<div style="display: flex; justify-content: center; align-items:center;"><div style="border-color: dimgrey; border-style:solid; border-width: 5px; width: 120px; height: 120px; display: flex; flex-direction:column; align-items:center; justify-content: center; position:relative"><div style="position:absolute; bottom:0px; left:5px;">8</div><div>{{c1::oxygen}}</div><div style="font-size:xxx-large">O </div><div style="position:absolute; bottom:2px;"></div></div></div>
<div style="display: flex; justify-content: center; align-items:center;"><div style="border-color: dimgrey; border-style:solid; border-width: 5px; width: 120px; height: 120px; display: flex; flex-direction:column; align-items:center; justify-content: center; position:relative"><div style="position:absolute; bottom:0px; left:5px;">7</div><div>{{c1::nitrogen}}</div><div style="font-size:xxx-large">N </div><div style="position:absolute; bottom:2px;"></div></div></div>
<div style="display: flex; justify-content: center; align-items:center;"><div style="border-color: dimgrey; border-style:solid; border-width: 5px; width: 120px; height: 120px; display: flex; flex-direction:column; align-items:center; justify-content: center; position:relative"><div style="position:absolute; bottom:0px; left:5px;">6</div><div>{{c1::carbon}}</div><div style="font-size:xxx-large">C </div><div style="position:absolute; bottom:2px;"></div></div></div>
<div style="display: flex; justify-content: center; align-items:center;"><div style="border-color: dimgrey; border-style:solid; border-width: 5px; width: 120px; height: 120px; display: flex; flex-direction:column; align-items:center; justify-content: center; position:relative"><div style="position:absolute; bottom:0px; left:5px;">10</div><div>neon</div><div style="font-size:xxx-large">{{c1::Ne }}</div><div style="position:absolute; bottom:2px;"></div></div></div>
<div style="display: flex; justify-content: center; align-items:center;"><div style="border-color: dimgrey; border-style:solid; border-width: 5px; width: 120px; height: 120px; display: flex; flex-direction:column; align-items:center; justify-content: center; position:relative"><div style="position:absolute; bottom:0px; left:5px;">9</div><div>fluorine</div><div style="font-size:xxx-large">{{c1::F }}</div><div style="position:absolute; bottom:2px;"></div></div></div>
<div style="display: flex; justify-content: center; align-items:center;"><div style="border-color: dimgrey; border-style:solid; border-width: 5px; width: 120px; height: 120px; display: flex; flex-direction:column; align-items:center; justify-content: center; position:relative"><div style="position:absolute; bottom:0px; left:5px;">8</div><div>oxygen</div><div style="font-size:xxx-large">{{c1::O }}</div><div style="position:absolute; bottom:2px;"></div></div></div>
<div style="display: flex; justify-content: center; align-items:center;"><div style="border-color: dimgrey; border-style:solid; border-width: 5px; width: 120px; height: 120px; display: flex; flex-direction:column; align-items:center; justify-content: center; position:relative"><div style="position:absolute; bottom:0px; left:5px;">7</div><div>nitrogen</div><div style="font-size:xxx-large">{{c1::N }}</div><div style="position:absolute; bottom:2px;"></div></div></div>
<div style="display: flex; justify-content: center; align-items:center;"><div style="border-color: dimgrey; border-style:solid; border-width: 5px; width: 120px; height: 120px; display: flex; flex-direction:column; align-items:center; justify-content: center; position:relative"><div style="position:absolute; bottom:0px; left:5px;">6</div><div>carbon</div><div style="font-size:xxx-large">{{c1::C }}</div><div style="position:absolute; bottom:2px;"></div></div></div>
<div style="display: flex; justify-content: center; align-items:center;"><div style="border-color: dimgrey; border-style:solid; border-width: 5px; width: 120px; height: 120px; display: flex; flex-direction:column; align-items:center; justify-content: center; position:relative"><div style="position:absolute; bottom:0px; left:5px;">5</div><div>{{c1::boron}}</div><div style="font-size:xxx-large">B </div><div style="position:absolute; bottom:2px;"></div></div></div>
<div style="display: flex; justify-content: center; align-items:center;"><div style="border-color: dimgrey; border-style:solid; border-width: 5px; width: 120px; height: 120px; display: flex; flex-direction:column; align-items:center; justify-content: center; position:relative"><div style="position:absolute; bottom:0px; left:5px;">3</div><div>{{c1::lithium}}</div><div style="font-size:xxx-large">Li </div><div style="position:absolute; bottom:2px;"></div></div></div>
<div style="display: flex; justify-content: center; align-items:center;"><div style="border-color: dimgrey; border-style:solid; border-width: 5px; width: 120px; height: 120px; display: flex; flex-direction:column; align-items:center; justify-content: center; position:relative"><div style="position:absolute; bottom:0px; left:5px;">4</div><div>{{c1::beryllium}}</div><div style="font-size:xxx-large">Be </div><div style="position:absolute; bottom:2px;"></div></div></div>
<div style="display: flex; justify-content: center; align-items:center;"><div style="border-color: dimgrey; border-style:solid; border-width: 5px; width: 120px; height: 120px; display: flex; flex-direction:column; align-items:center; justify-content: center; position:relative"><div style="position:absolute; bottom:0px; left:5px;">5</div><div>boron</div><div style="font-size:xxx-large">{{c1::B }}</div><div style="position:absolute; bottom:2px;"></div></div></div>
<div style="display: flex; justify-content: center; align-items:center;"><div style="border-color: dimgrey; border-style:solid; border-width: 5px; width: 120px; height: 120px; display: flex; flex-direction:column; align-items:center; justify-content: center; position:relative"><div style="position:absolute; bottom:0px; left:5px;">3</div><div>lithium</div><div style="font-size:xxx-large">{{c1::Li }}</div><div style="position:absolute; bottom:2px;"></div></div></div>
<div style="display: flex; justify-content: center; align-items:center;"><div style="border-color: dimgrey; border-style:solid; border-width: 5px; width: 120px; height: 120px; display: flex; flex-direction:column; align-items:center; justify-content: center; position:relative"><div style="position:absolute; bottom:0px; left:5px;">4</div><div>beryllium</div><div style="font-size:xxx-large">{{c1::Be }}</div><div style="position:absolute; bottom:2px;"></div></div></div>
<div style="display: flex; justify-content: center; align-items:center;"><div style="border-color: dimgrey; border-style:solid; border-width: 5px; width: 120px; height: 120px; display: flex; flex-direction:column; align-items:center; justify-content: center; position:relative"><div style="position:absolute; bottom:0px; left:5px;">13</div><div>{{c1::aluminium}}</div><div style="font-size:xxx-large">Al </div><div style="position:absolute; bottom:2px;"></div></div></div>
<div style="display: flex; justify-content: center; align-items:center;"><div style="border-color: dimgrey; border-style:solid; border-width: 5px; width: 120px; height: 120px; display: flex; flex-direction:column; align-items:center; justify-content: center; position:relative"><div style="position:absolute; bottom:0px; left:5px;">14</div><div>{{c1::silicon}}</div><div style="font-size:xxx-large">Si </div><div style="position:absolute; bottom:2px;"></div></div></div>
<div style="display: flex; justify-content: center; align-items:center;"><div style="border-color: dimgrey; border-style:solid; border-width: 5px; width: 120px; height: 120px; display: flex; flex-direction:column; align-items:center; justify-content: center; position:relative"><div style="position:absolute; bottom:0px; left:5px;">15</div><div>{{c1::phosphorus}}</div><div style="font-size:xxx-large">P </div><div style="position:absolute; bottom:2px;"></div></div></div>
<div style="display: flex; justify-content: center; align-items:center;"><div style="border-color: dimgrey; border-style:solid; border-width: 5px; width: 120px; height: 120px; display: flex; flex-direction:column; align-items:center; justify-content: center; position:relative"><div style="position:absolute; bottom:0px; left:5px;">16</div><div>{{c1::sulfur}}</div><div style="font-size:xxx-large">S </div><div style="position:absolute; bottom:2px;"></div></div></div>
<div style="display: flex; justify-content: center; align-items:center;"><div style="border-color: dimgrey; border-style:solid; border-width: 5px; width: 120px; height: 120px; display: flex; flex-direction:column; align-items:center; justify-content: center; position:relative"><div style="position:absolute; bottom:0px; left:5px;">17</div><div>{{c1::chlorine}}</div><div style="font-size:xxx-large">Cl </div><div style="position:absolute; bottom:2px;"></div></div></div>
<div style="display: flex; justify-content: center; align-items:center;"><div style="border-color: dimgrey; border-style:solid; border-width: 5px; width: 120px; height: 120px; display: flex; flex-direction:column; align-items:center; justify-content: center; position:relative"><div style="position:absolute; bottom:0px; left:5px;">18</div><div>{{c1::argon}}</div><div style="font-size:xxx-large">Ar </div><div style="position:absolute; bottom:2px;"></div></div></div>
<div style="display: flex; justify-content: center; align-items:center;"><div style="border-color: dimgrey; border-style:solid; border-width: 5px; width: 120px; height: 120px; display: flex; flex-direction:column; align-items:center; justify-content: center; position:relative"><div style="position:absolute; bottom:0px; left:5px;">13</div><div>aluminium</div><div style="font-size:xxx-large">{{c1::Al }}</div><div style="position:absolute; bottom:2px;"></div></div></div>
<div style="display: flex; justify-content: center; align-items:center;"><div style="border-color: dimgrey; border-style:solid; border-width: 5px; width: 120px; height: 120px; display: flex; flex-direction:column; align-items:center; justify-content: center; position:relative"><div style="position:absolute; bottom:0px; left:5px;">14</div><div>silicon</div><div style="font-size:xxx-large">{{c1::Si }}</div><div style="position:absolute; bottom:2px;"></div></div></div>
<div style="display: flex; justify-content: center; align-items:center;"><div style="border-color: dimgrey; border-style:solid; border-width: 5px; width: 120px; height: 120px; display: flex; flex-direction:column; align-items:center; justify-content: center; position:relative"><div style="position:absolute; bottom:0px; left:5px;">15</div><div>phosphorus</div><div style="font-size:xxx-large">{{c1::P }}</div><div style="position:absolute; bottom:2px;"></div></div></div>
<div style="display: flex; justify-content: center; align-items:center;"><div style="border-color: dimgrey; border-style:solid; border-width: 5px; width: 120px; height: 120px; display: flex; flex-direction:column; align-items:center; justify-content: center; position:relative"><div style="position:absolute; bottom:0px; left:5px;">16</div><div>sulfur</div><div style="font-size:xxx-large">{{c1::S }}</div><div style="position:absolute; bottom:2px;"></div></div></div>
<div style="display: flex; justify-content: center; align-items:center;"><div style="border-color: dimgrey; border-style:solid; border-width: 5px; width: 120px; height: 120px; display: flex; flex-direction:column; align-items:center; justify-content: center; position:relative"><div style="position:absolute; bottom:0px; left:5px;">17</div><div>chlorine</div><div style="font-size:xxx-large">{{c1::Cl }}</div><div style="position:absolute; bottom:2px;"></div></div></div>
<div style="display: flex; justify-content: center; align-items:center;"><div style="border-color: dimgrey; border-style:solid; border-width: 5px; width: 120px; height: 120px; display: flex; flex-direction:column; align-items:center; justify-content: center; position:relative"><div style="position:absolute; bottom:0px; left:5px;">18</div><div>argon</div><div style="font-size:xxx-large">{{c1::Ar }}</div><div style="position:absolute; bottom:2px;"></div></div></div>
<div style="display: flex; justify-content: center; align-items:center;"><div style="border-color: dimgrey; border-style:solid; border-width: 5px; width: 120px; height: 120px; display: flex; flex-direction:column; align-items:center; justify-content: center; position:relative"><div style="position:absolute; bottom:0px; left:5px;">11</div><div>{{c1::sodium}}</div><div style="font-size:xxx-large">Na </div><div style="position:absolute; bottom:2px;"></div></div></div>
<div style="display: flex; justify-content: center; align-items:center;"><div style="border-color: dimgrey; border-style:solid; border-width: 5px; width: 120px; height: 120px; display: flex; flex-direction:column; align-items:center; justify-content: center; position:relative"><div style="position:absolute; bottom:0px; left:5px;">12</div><div>{{c1::magnesium}}</div><div style="font-size:xxx-large">Mg </div><div style="position:absolute; bottom:2px;"></div></div></div>
<div style="display: flex; justify-content: center; align-items:center;"><div style="border-color: dimgrey; border-style:solid; border-width: 5px; width: 120px; height: 120px; display: flex; flex-direction:column; align-items:center; justify-content: center; position:relative"><div style="position:absolute; bottom:0px; left:5px;">11</div><div>sodium</div><div style="font-size:xxx-large">{{c1::Na }}</div><div style="position:absolute; bottom:2px;"></div></div></div>
<div style="display: flex; justify-content: center; align-items:center;"><div style="border-color: dimgrey; border-style:solid; border-width: 5px; width: 120px; height: 120px; display: flex; flex-direction:column; align-items:center; justify-content: center; position:relative"><div style="position:absolute; bottom:0px; left:5px;">12</div><div>magnesium</div><div style="font-size:xxx-large">{{c1::Mg }}</div><div style="position:absolute; bottom:2px;"></div></div></div>
<div style="display: flex; justify-content: center; align-items:center;"><div style="border-color: dimgrey; border-style:solid; border-width: 5px; width: 120px; height: 120px; display: flex; flex-direction:column; align-items:center; justify-content: center; position:relative"><div style="position:absolute; bottom:0px; left:5px;">19</div><div>{{c1::potassium}}</div><div style="font-size:xxx-large">K </div><div style="position:absolute; bottom:2px;"></div></div></div>
<div style="display: flex; justify-content: center; align-items:center;"><div style="border-color: dimgrey; border-style:solid; border-width: 5px; width: 120px; height: 120px; display: flex; flex-direction:column; align-items:center; justify-content: center; position:relative"><div style="position:absolute; bottom:0px; left:5px;">20</div><div>{{c1::calcium}}</div><div style="font-size:xxx-large">Ca </div><div style="position:absolute; bottom:2px;"></div></div></div>
<div style="display: flex; justify-content: center; align-items:center;"><div style="border-color: dimgrey; border-style:solid; border-width: 5px; width: 120px; height: 120px; display: flex; flex-direction:column; align-items:center; justify-content: center; position:relative"><div style="position:absolute; bottom:0px; left:5px;">19</div><div>potassium</div><div style="font-size:xxx-large">{{c1::K }}</div><div style="position:absolute; bottom:2px;"></div></div></div>
<div style="display: flex; justify-content: center; align-items:center;"><div style="border-color: dimgrey; border-style:solid; border-width: 5px; width: 120px; height: 120px; display: flex; flex-direction:column; align-items:center; justify-content: center; position:relative"><div style="position:absolute; bottom:0px; left:5px;">20</div><div>calcium</div><div style="font-size:xxx-large">{{c1::Ca }}</div><div style="position:absolute; bottom:2px;"></div></div></div>
<div style="display: flex; justify-content: center; align-items:center;"><div style="border-color: dimgrey; border-style:solid; border-width: 5px; width: 120px; height: 120px; display: flex; flex-direction:column; align-items:center; justify-content: center; position:relative"><div style="position:absolute; bottom:0px; left:5px;">21</div><div>{{c1::scandium}}</div><div style="font-size:xxx-large">Sc </div><div style="position:absolute; bottom:2px;"></div></div></div>
<div style="display: flex; justify-content: center; align-items:center;"><div style="border-color: dimgrey; border-style:solid; border-width: 5px; width: 120px; height: 120px; display: flex; flex-direction:column; align-items:center; justify-content: center; position:relative"><div style="position:absolute; bottom:0px; left:5px;">22</div><div>{{c1::titanium}}</div><div style="font-size:xxx-large">Ti </div><div style="position:absolute; bottom:2px;"></div></div></div>
<div style="display: flex; justify-content: center; align-items:center;"><div style="border-color: dimgrey; border-style:solid; border-width: 5px; width: 120px; height: 120px; display: flex; flex-direction:column; align-items:center; justify-content: center; position:relative"><div style="position:absolute; bottom:0px; left:5px;">23</div><div>{{c1::vanadium}}</div><div style="font-size:xxx-large">V </div><div style="position:absolute; bottom:2px;"></div></div></div>
<div style="display: flex; justify-content: center; align-items:center;"><div style="border-color: dimgrey; border-style:solid; border-width: 5px; width: 120px; height: 120px; display: flex; flex-direction:column; align-items:center; justify-content: center; position:relative"><div style="position:absolute; bottom:0px; left:5px;">24</div><div>{{c1::chromium}}</div><div style="font-size:xxx-large">Cr </div><div style="position:absolute; bottom:2px;"></div></div></div>
<div style="display: flex; justify-content: center; align-items:center;"><div style="border-color: dimgrey; border-style:solid; border-width: 5px; width: 120px; height: 120px; display: flex; flex-direction:column; align-items:center; justify-content: center; position:relative"><div style="position:absolute; bottom:0px; left:5px;">25</div><div>{{c1::manganese}}</div><div style="font-size:xxx-large">Mn </div><div style="position:absolute; bottom:2px;"></div></div></div>
<div style="display: flex; justify-content: center; align-items:center;"><div style="border-color: dimgrey; border-style:solid; border-width: 5px; width: 120px; height: 120px; display: flex; flex-direction:column; align-items:center; justify-content: center; position:relative"><div style="position:absolute; bottom:0px; left:5px;">26</div><div>{{c1::iron}}</div><div style="font-size:xxx-large">Fe </div><div style="position:absolute; bottom:2px;"></div></div></div>
<div style="display: flex; justify-content: center; align-items:center;"><div style="border-color: dimgrey; border-style:solid; border-width: 5px; width: 120px; height: 120px; display: flex; flex-direction:column; align-items:center; justify-content: center; position:relative"><div style="position:absolute; bottom:0px; left:5px;">27</div><div>{{c1::cobalt}}</div><div style="font-size:xxx-large">Co </div><div style="position:absolute; bottom:2px;"></div></div></div>
<div style="display: flex; justify-content: center; align-items:center;"><div style="border-color: dimgrey; border-style:solid; border-width: 5px; width: 120px; height: 120px; display: flex; flex-direction:column; align-items:center; justify-content: center; position:relative"><div style="position:absolute; bottom:0px; left:5px;">28</div><div>{{c1::nickel}}</div><div style="font-size:xxx-large">Ni </div><div style="position:absolute; bottom:2px;"></div></div></div>
<div style="display: flex; justify-content: center; align-items:center;"><div style="border-color: dimgrey; border-style:solid; border-width: 5px; width: 120px; height: 120px; display: flex; flex-direction:column; align-items:center; justify-content: center; position:relative"><div style="position:absolute; bottom:0px; left:5px;">29</div><div>{{c1::copper}}</div><div style="font-size:xxx-large">Cu </div><div style="position:absolute; bottom:2px;"></div></div></div>
<div style="display: flex; justify-content: center; align-items:center;"><div style="border-color: dimgrey; border-style:solid; border-width: 5px; width: 120px; height: 120px; display: flex; flex-direction:column; align-items:center; justify-content: center; position:relative"><div style="position:absolute; bottom:0px; left:5px;">30</div><div>{{c1::zinc}}</div><div style="font-size:xxx-large">Zn </div><div style="position:absolute; bottom:2px;"></div></div></div>
<div style="display: flex; justify-content: center; align-items:center;"><div style="border-color: dimgrey; border-style:solid; border-width: 5px; width: 120px; height: 120px; display: flex; flex-direction:column; align-items:center; justify-content: center; position:relative"><div style="position:absolute; bottom:0px; left:5px;">21</div><div>scandium</div><div style="font-size:xxx-large">{{c1::Sc }}</div><div style="position:absolute; bottom:2px;"></div></div></div>
<div style="display: flex; justify-content: center; align-items:center;"><div style="border-color: dimgrey; border-style:solid; border-width: 5px; width: 120px; height: 120px; display: flex; flex-direction:column; align-items:center; justify-content: center; position:relative"><div style="position:absolute; bottom:0px; left:5px;">22</div><div>titanium</div><div style="font-size:xxx-large">{{c1::Ti }}</div><div style="position:absolute; bottom:2px;"></div></div></div>
<div style="display: flex; justify-content: center; align-items:center;"><div style="border-color: dimgrey; border-style:solid; border-width: 5px; width: 120px; height: 120px; display: flex; flex-direction:column; align-items:center; justify-content: center; position:relative"><div style="position:absolute; bottom:0px; left:5px;">23</div><div>vanadium</div><div style="font-size:xxx-large">{{c1::V }}</div><div style="position:absolute; bottom:2px;"></div></div></div>
<div style="display: flex; justify-content: center; align-items:center;"><div style="border-color: dimgrey; border-style:solid; border-width: 5px; width: 120px; height: 120px; display: flex; flex-direction:column; align-items:center; justify-content: center; position:relative"><div style="position:absolute; bottom:0px; left:5px;">24</div><div>chromium</div><div style="font-size:xxx-large">{{c1::Cr }}</div><div style="position:absolute; bottom:2px;"></div></div></div>
<div style="display: flex; justify-content: center; align-items:center;"><div style="border-color: dimgrey; border-style:solid; border-width: 5px; width: 120px; height: 120px; display: flex; flex-direction:column; align-items:center; justify-content: center; position:relative"><div style="position:absolute; bottom:0px; left:5px;">25</div><div>manganese</div><div style="font-size:xxx-large">{{c1::Mn }}</div><div style="position:absolute; bottom:2px;"></div></div></div>
<div style="display: flex; justify-content: center; align-items:center;"><div style="border-color: dimgrey; border-style:solid; border-width: 5px; width: 120px; height: 120px; display: flex; flex-direction:column; align-items:center; justify-content: center; position:relative"><div style="position:absolute; bottom:0px; left:5px;">26</div><div>iron</div><div style="font-size:xxx-large">{{c1::Fe }}</div><div style="position:absolute; bottom:2px;"></div></div></div>
<div style="display: flex; justify-content: center; align-items:center;"><div style="border-color: dimgrey; border-style:solid; border-width: 5px; width: 120px; height: 120px; display: flex; flex-direction:column; align-items:center; justify-content: center; position:relative"><div style="position:absolute; bottom:0px; left:5px;">27</div><div>cobalt</div><div style="font-size:xxx-large">{{c1::Co }}</div><div style="position:absolute; bottom:2px;"></div></div></div>
<div style="display: flex; justify-content: center; align-items:center;"><div style="border-color: dimgrey; border-style:solid; border-width: 5px; width: 120px; height: 120px; display: flex; flex-direction:column; align-items:center; justify-content: center; position:relative"><div style="position:absolute; bottom:0px; left:5px;">28</div><div>nickel</div><div style="font-size:xxx-large">{{c1::Ni }}</div><div style="position:absolute; bottom:2px;"></div></div></div>
<div style="display: flex; justify-content: center; align-items:center;"><div style="border-color: dimgrey; border-style:solid; border-width: 5px; width: 120px; height: 120px; display: flex; flex-direction:column; align-items:center; justify-content: center; position:relative"><div style="position:absolute; bottom:0px; left:5px;">29</div><div>copper</div><div style="font-size:xxx-large">{{c1::Cu }}</div><div style="position:absolute; bottom:2px;"></div></div></div>
<div style="display: flex; justify-content: center; align-items:center;"><div style="border-color: dimgrey; border-style:solid; border-width: 5px; width: 120px; height: 120px; display: flex; flex-direction:column; align-items:center; justify-content: center; position:relative"><div style="position:absolute; bottom:0px; left:5px;">30</div><div>zinc</div><div style="font-size:xxx-large">{{c1::Zn }}</div><div style="position:absolute; bottom:2px;"></div></div></div>
<div style="display: flex; justify-content: center; align-items:center;"><div style="border-color: dimgrey; border-style:solid; border-width: 5px; width: 120px; height: 120px; display: flex; flex-direction:column; align-items:center; justify-content: center; position:relative"><div style="position:absolute; bottom:0px; left:5px;">31</div><div>{{c1::gallium}}</div><div style="font-size:xxx-large">Ga </div><div style="position:absolute; bottom:2px;"></div></div></div>
<div style="display: flex; justify-content: center; align-items:center;"><div style="border-color: dimgrey; border-style:solid; border-width: 5px; width: 120px; height: 120px; display: flex; flex-direction:column; align-items:center; justify-content: center; position:relative"><div style="position:absolute; bottom:0px; left:5px;">32</div><div>{{c1::germanium}}</div><div style="font-size:xxx-large">Ge </div><div style="position:absolute; bottom:2px;"></div></div></div>
<div style="display: flex; justify-content: center; align-items:center;"><div style="border-color: dimgrey; border-style:solid; border-width: 5px; width: 120px; height: 120px; display: flex; flex-direction:column; align-items:center; justify-content: center; position:relative"><div style="position:absolute; bottom:0px; left:5px;">33</div><div>{{c1::arsenic}}</div><div style="font-size:xxx-large">As </div><div style="position:absolute; bottom:2px;"></div></div></div>
<div style="display: flex; justify-content: center; align-items:center;"><div style="border-color: dimgrey; border-style:solid; border-width: 5px; width: 120px; height: 120px; display: flex; flex-direction:column; align-items:center; justify-content: center; position:relative"><div style="position:absolute; bottom:0px; left:5px;">34</div><div>{{c1::selenium}}</div><div style="font-size:xxx-large">Se </div><div style="position:absolute; bottom:2px;"></div></div></div>
<div style="display: flex; justify-content: center; align-items:center;"><div style="border-color: dimgrey; border-style:solid; border-width: 5px; width: 120px; height: 120px; display: flex; flex-direction:column; align-items:center; justify-content: center; position:relative"><div style="position:absolute; bottom:0px; left:5px;">35</div><div>{{c1::bromine}}</div><div style="font-size:xxx-large">Br </div><div style="position:absolute; bottom:2px;"></div></div></div>
<div style="display: flex; justify-content: center; align-items:center;"><div style="border-color: dimgrey; border-style:solid; border-width: 5px; width: 120px; height: 120px; display: flex; flex-direction:column; align-items:center; justify-content: center; position:relative"><div style="position:absolute; bottom:0px; left:5px;">36</div><div>{{c1::krypton}}</div><div style="font-size:xxx-large">Kr </div><div style="position:absolute; bottom:2px;"></div></div></div>
<div style="display: flex; justify-content: center; align-items:center;"><div style="border-color: dimgrey; border-style:solid; border-width: 5px; width: 120px; height: 120px; display: flex; flex-direction:column; align-items:center; justify-content: center; position:relative"><div style="position:absolute; bottom:0px; left:5px;">31</div><div>gallium</div><div style="font-size:xxx-large">{{c1::Ga }}</div><div style="position:absolute; bottom:2px;"></div></div></div>
<div style="display: flex; justify-content: center; align-items:center;"><div style="border-color: dimgrey; border-style:solid; border-width: 5px; width: 120px; height: 120px; display: flex; flex-direction:column; align-items:center; justify-content: center; position:relative"><div style="position:absolute; bottom:0px; left:5px;">32</div><div>germanium</div><div style="font-size:xxx-large">{{c1::Ge }}</div><div style="position:absolute; bottom:2px;"></div></div></div>
<div style="display: flex; justify-content: center; align-items:center;"><div style="border-color: dimgrey; border-style:solid; border-width: 5px; width: 120px; height: 120px; display: flex; flex-direction:column; align-items:center; justify-content: center; position:relative"><div style="position:absolute; bottom:0px; left:5px;">33</div><div>arsenic</div><div style="font-size:xxx-large">{{c1::As }}</div><div style="position:absolute; bottom:2px;"></div></div></div>
<div style="display: flex; justify-content: center; align-items:center;"><div style="border-color: dimgrey; border-style:solid; border-width: 5px; width: 120px; height: 120px; display: flex; flex-direction:column; align-items:center; justify-content: center; position:relative"><div style="position:absolute; bottom:0px; left:5px;">34</div><div>selenium</div><div style="font-size:xxx-large">{{c1::Se }}</div><div style="position:absolute; bottom:2px;"></div></div></div>
<div style="display: flex; justify-content: center; align-items:center;"><div style="border-color: dimgrey; border-style:solid; border-width: 5px; width: 120px; height: 120px; display: flex; flex-direction:column; align-items:center; justify-content: center; position:relative"><div style="position:absolute; bottom:0px; left:5px;">35</div><div>bromine</div><div style="font-size:xxx-large">{{c1::Br }}</div><div style="position:absolute; bottom:2px;"></div></div></div>
<div style="display: flex; justify-content: center; align-items:center;"><div style="border-color: dimgrey; border-style:solid; border-width: 5px; width: 120px; height: 120px; display: flex; flex-direction:column; align-items:center; justify-content: center; position:relative"><div style="position:absolute; bottom:0px; left:5px;">36</div><div>krypton</div><div style="font-size:xxx-large">{{c1::Kr }}</div><div style="position:absolute; bottom:2px;"></div></div></div>
<div style="display: flex; justify-content: center; align-items:center;"><div style="border-color: dimgrey; border-style:solid; border-width: 5px; width: 120px; height: 120px; display: flex; flex-direction:column; align-items:center; justify-content: center; position:relative"><div style="position:absolute; bottom:0px; left:5px;">37</div><div>{{c1::rubidium}}</div><div style="font-size:xxx-large">Rb </div><div style="position:absolute; bottom:2px;"></div></div></div>
<div style="display: flex; justify-content: center; align-items:center;"><div style="border-color: dimgrey; border-style:solid; border-width: 5px; width: 120px; height: 120px; display: flex; flex-direction:column; align-items:center; justify-content: center; position:relative"><div style="position:absolute; bottom:0px; left:5px;">38</div><div>{{c1::strontium}}</div><div style="font-size:xxx-large">Sr </div><div style="position:absolute; bottom:2px;"></div></div></div>
<div style="display: flex; justify-content: center; align-items:center;"><div style="border-color: dimgrey; border-style:solid; border-width: 5px; width: 120px; height: 120px; display: flex; flex-direction:column; align-items:center; justify-content: center; position:relative"><div style="position:absolute; bottom:0px; left:5px;">37</div><div>rubidium</div><div style="font-size:xxx-large">{{c1::Rb }}</div><div style="position:absolute; bottom:2px;"></div></div></div>
<div style="display: flex; justify-content: center; align-items:center;"><div style="border-color: dimgrey; border-style:solid; border-width: 5px; width: 120px; height: 120px; display: flex; flex-direction:column; align-items:center; justify-content: center; position:relative"><div style="position:absolute; bottom:0px; left:5px;">38</div><div>strontium</div><div style="font-size:xxx-large">{{c1::Sr }}</div><div style="position:absolute; bottom:2px;"></div></div></div>
<div style="display: flex; justify-content: center; align-items:center;"><div style="border-color: dimgrey; border-style:solid; border-width: 5px; width: 120px; height: 120px; display: flex; flex-direction:column; align-items:center; justify-content: center; position:relative"><div style="position:absolute; bottom:0px; left:5px;">39</div><div>{{c1::yttrium}}</div><div style="font-size:xxx-large">Y </div><div style="position:absolute; bottom:2px;"></div></div></div>
<div style="display: flex; justify-content: center; align-items:center;"><div style="border-color: dimgrey; border-style:solid; border-width: 5px; width: 120px; height: 120px; display: flex; flex-direction:column; align-items:center; justify-content: center; position:relative"><div style="position:absolute; bottom:0px; left:5px;">40</div><div>{{c1::zirconium}}</div><div style="font-size:xxx-large">Zr </div><div style="position:absolute; bottom:2px;"></div></div></div>
<div style="display: flex; justify-content: center; align-items:center;"><div style="border-color: dimgrey; border-style:solid; border-width: 5px; width: 120px; height: 120px; display: flex; flex-direction:column; align-items:center; justify-content: center; position:relative"><div style="position:absolute; bottom:0px; left:5px;">41</div><div>{{c1::niobium}}</div><div style="font-size:xxx-large">Nb </div><div style="position:absolute; bottom:2px;"></div></div></div>
<div style="display: flex; justify-content: center; align-items:center;"><div style="border-color: dimgrey; border-style:solid; border-width: 5px; width: 120px; height: 120px; display: flex; flex-direction:column; align-items:center; justify-content: center; position:relative"><div style="position:absolute; bottom:0px; left:5px;">42</div><div>{{c1::molybdenum}}</div><div style="font-size:xxx-large">Mo </div><div style="position:absolute; bottom:2px;"></div></div></div>
<div style="display: flex; justify-content: center; align-items:center;"><div style="border-color: dimgrey; border-style:solid; border-width: 5px; width: 120px; height: 120px; display: flex; flex-direction:column; align-items:center; justify-content: center; position:relative"><div style="position:absolute; bottom:0px; left:5px;">43</div><div>{{c1::technetium}}</div><div style="font-size:xxx-large">Tc </div><div style="position:absolute; bottom:2px;"></div></div></div>
<div style="display: flex; justify-content: center; align-items:center;"><div style="border-color: dimgrey; border-style:solid; border-width: 5px; width: 120px; height: 120px; display: flex; flex-direction:column; align-items:center; justify-content: center; position:relative"><div style="position:absolute; bottom:0px; left:5px;">44</div><div>{{c1::ruthenium}}</div><div style="font-size:xxx-large">Ru </div><div style="position:absolute; bottom:2px;"></div></div></div>
<div style="display: flex; justify-content: center; align-items:center;"><div style="border-color: dimgrey; border-style:solid; border-width: 5px; width: 120px; height: 120px; display: flex; flex-direction:column; align-items:center; justify-content: center; position:relative"><div style="position:absolute; bottom:0px; left:5px;">45</div><div>{{c1::rhodium}}</div><div style="font-size:xxx-large">Rh </div><div style="position:absolute; bottom:2px;"></div></div></div>
<div style="display: flex; justify-content: center; align-items:center;"><div style="border-color: dimgrey; border-style:solid; border-width: 5px; width: 120px; height: 120px; display: flex; flex-direction:column; align-items:center; justify-content: center; position:relative"><div style="position:absolute; bottom:0px; left:5px;">46</div><div>{{c1::palladium}}</div><div style="font-size:xxx-large">Pd </div><div style="position:absolute; bottom:2px;"></div></div></div>
<div style="display: flex; justify-content: center; align-items:center;"><div style="border-color: dimgrey; border-style:solid; border-width: 5px; width: 120px; height: 120px; display: flex; flex-direction:column; align-items:center; justify-content: center; position:relative"><div style="position:absolute; bottom:0px; left:5px;">47</div><div>{{c1::silver}}</div><div style="font-size:xxx-large">Ag </div><div style="position:absolute; bottom:2px;"></div></div></div>
<div style="display: flex; justify-content: center; align-items:center;"><div style="border-color: dimgrey; border-style:solid; border-width: 5px; width: 120px; height: 120px; display: flex; flex-direction:column; align-items:center; justify-content: center; position:relative"><div style="position:absolute; bottom:0px; left:5px;">48</div><div>{{c1::cadmium}}</div><div style="font-size:xxx-large">Cd </div><div style="position:absolute; bottom:2px;"></div></div></div>
<div style="display: flex; justify-content: center; align-items:center;"><div style="border-color: dimgrey; border-style:solid; border-width: 5px; width: 120px; height: 120px; display: flex; flex-direction:column; align-items:center; justify-content: center; position:relative"><div style="position:absolute; bottom:0px; left:5px;">39</div><div>yttrium</div><div style="font-size:xxx-large">{{c1::Y }}</div><div style="position:absolute; bottom:2px;"></div></div></div>
<div style="display: flex; justify-content: center; align-items:center;"><div style="border-color: dimgrey; border-style:solid; border-width: 5px; width: 120px; height: 120px; display: flex; flex-direction:column; align-items:center; justify-content: center; position:relative"><div style="position:absolute; bottom:0px; left:5px;">40</div><div>zirconium</div><div style="font-size:xxx-large">{{c1::Zr }}</div><div style="position:absolute; bottom:2px;"></div></div></div>
<div style="display: flex; justify-content: center; align-items:center;"><div style="border-color: dimgrey; border-style:solid; border-width: 5px; width: 120px; height: 120px; display: flex; flex-direction:column; align-items:center; justify-content: center; position:relative"><div style="position:absolute; bottom:0px; left:5px;">41</div><div>niobium</div><div style="font-size:xxx-large">{{c1::Nb }}</div><div style="position:absolute; bottom:2px;"></div></div></div>
<div style="display: flex; justify-content: center; align-items:center;"><div style="border-color: dimgrey; border-style:solid; border-width: 5px; width: 120px; height: 120px; display: flex; flex-direction:column; align-items:center; justify-content: center; position:relative"><div style="position:absolute; bottom:0px; left:5px;">42</div><div>molybdenum</div><div style="font-size:xxx-large">{{c1::Mo }}</div><div style="position:absolute; bottom:2px;"></div></div></div>
<div style="display: flex; justify-content: center; align-items:center;"><div style="border-color: dimgrey; border-style:solid; border-width: 5px; width: 120px; height: 120px; display: flex; flex-direction:column; align-items:center; justify-content: center; position:relative"><div style="position:absolute; bottom:0px; left:5px;">43</div><div>technetium</div><div style="font-size:xxx-large">{{c1::Tc }}</div><div style="position:absolute; bottom:2px;"></div></div></div>
<div style="display: flex; justify-content: center; align-items:center;"><div style="border-color: dimgrey; border-style:solid; border-width: 5px; width: 120px; height: 120px; display: flex; flex-direction:column; align-items:center; justify-content: center; position:relative"><div style="position:absolute; bottom:0px; left:5px;">44</div><div>ruthenium</div><div style="font-size:xxx-large">{{c1::Ru }}</div><div style="position:absolute; bottom:2px;"></div></div></div>
<div style="display: flex; justify-content: center; align-items:center;"><div style="border-color: dimgrey; border-style:solid; border-width: 5px; width: 120px; height: 120px; display: flex; flex-direction:column; align-items:center; justify-content: center; position:relative"><div style="position:absolute; bottom:0px; left:5px;">45</div><div>rhodium</div><div style="font-size:xxx-large">{{c1::Rh }}</div><div style="position:absolute; bottom:2px;"></div></div></div>
<div style="display: flex; justify-content: center; align-items:center;"><div style="border-color: dimgrey; border-style:solid; border-width: 5px; width: 120px; height: 120px; display: flex; flex-direction:column; align-items:center; justify-content: center; position:relative"><div style="position:absolute; bottom:0px; left:5px;">46</div><div>palladium</div><div style="font-size:xxx-large">{{c1::Pd }}</div><div style="position:absolute; bottom:2px;"></div></div></div>
<div style="display: flex; justify-content: center; align-items:center;"><div style="border-color: dimgrey; border-style:solid; border-width: 5px; width: 120px; height: 120px; display: flex; flex-direction:column; align-items:center; justify-content: center; position:relative"><div style="position:absolute; bottom:0px; left:5px;">47</div><div>silver</div><div style="font-size:xxx-large">{{c1::Ag }}</div><div style="position:absolute; bottom:2px;"></div></div></div>
<div style="display: flex; justify-content: center; align-items:center;"><div style="border-color: dimgrey; border-style:solid; border-width: 5px; width: 120px; height: 120px; display: flex; flex-direction:column; align-items:center; justify-content: center; position:relative"><div style="position:absolute; bottom:0px; left:5px;">48</div><div>cadmium</div><div style="font-size:xxx-large">{{c1::Cd }}</div><div style="position:absolute; bottom:2px;"></div></div></div>
<div style="display: flex; justify-content: center; align-items:center;"><div style="border-color: dimgrey; border-style:solid; border-width: 5px; width: 120px; height: 120px; display: flex; flex-direction:column; align-items:center; justify-content: center; position:relative"><div style="position:absolute; bottom:0px; left:5px;">49</div><div>{{c1::indium}}</div><div style="font-size:xxx-large">In </div><div style="position:absolute; bottom:2px;"></div></div></div>
<div style="display: flex; justify-content: center; align-items:center;"><div style="border-color: dimgrey; border-style:solid; border-width: 5px; width: 120px; height: 120px; display: flex; flex-direction:column; align-items:center; justify-content: center; position:relative"><div style="position:absolute; bottom:0px; left:5px;">50</div><div>{{c1::tin}}</div><div style="font-size:xxx-large">Sn </div><div style="position:absolute; bottom:2px;"></div></div></div>
<div style="display: flex; justify-content: center; align-items:center;"><div style="border-color: dimgrey; border-style:solid; border-width: 5px; width: 120px; height: 120px; display: flex; flex-direction:column; align-items:center; justify-content: center; position:relative"><div style="position:absolute; bottom:0px; left:5px;">51</div><div>{{c1::antimony}}</div><div style="font-size:xxx-large">Sb </div><div style="position:absolute; bottom:2px;"></div></div></div>
<div style="display: flex; justify-content: center; align-items:center;"><div style="border-color: dimgrey; border-style:solid; border-width: 5px; width: 120px; height: 120px; display: flex; flex-direction:column; align-items:center; justify-content: center; position:relative"><div style="position:absolute; bottom:0px; left:5px;">52</div><div>{{c1::tellurium}}</div><div style="font-size:xxx-large">Te </div><div style="position:absolute; bottom:2px;"></div></div></div>
<div style="display: flex; justify-content: center; align-items:center;"><div style="border-color: dimgrey; border-style:solid; border-width: 5px; width: 120px; height: 120px; display: flex; flex-direction:column; align-items:center; justify-content: center; position:relative"><div style="position:absolute; bottom:0px; left:5px;">53</div><div>{{c1::iodine}}</div><div style="font-size:xxx-large">I </div><div style="position:absolute; bottom:2px;"></div></div></div>
<div style="display: flex; justify-content: center; align-items:center;"><div style="border-color: dimgrey; border-style:solid; border-width: 5px; width: 120px; height: 120px; display: flex; flex-direction:column; align-items:center; justify-content: center; position:relative"><div style="position:absolute; bottom:0px; left:5px;">54</div><div>{{c1::xenon}}</div><div style="font-size:xxx-large">Xe </div><div style="position:absolute; bottom:2px;"></div></div></div>
<div style="display: flex; justify-content: center; align-items:center;"><div style="border-color: dimgrey; border-style:solid; border-width: 5px; width: 120px; height: 120px; display: flex; flex-direction:column; align-items:center; justify-content: center; position:relative"><div style="position:absolute; bottom:0px; left:5px;">49</div><div>indium</div><div style="font-size:xxx-large">{{c1::In }}</div><div style="position:absolute; bottom:2px;"></div></div></div>
<div style="display: flex; justify-content: center; align-items:center;"><div style="border-color: dimgrey; border-style:solid; border-width: 5px; width: 120px; height: 120px; display: flex; flex-direction:column; align-items:center; justify-content: center; position:relative"><div style="position:absolute; bottom:0px; left:5px;">50</div><div>tin</div><div style="font-size:xxx-large">{{c1::Sn }}</div><div style="position:absolute; bottom:2px;"></div></div></div>
<div style="display: flex; justify-content: center; align-items:center;"><div style="border-color: dimgrey; border-style:solid; border-width: 5px; width: 120px; height: 120px; display: flex; flex-direction:column; align-items:center; justify-content: center; position:relative"><div style="position:absolute; bottom:0px; left:5px;">51</div><div>antimony</div><div style="font-size:xxx-large">{{c1::Sb }}</div><div style="position:absolute; bottom:2px;"></div></div></div>
<div style="display: flex; justify-content: center; align-items:center;"><div style="border-color: dimgrey; border-style:solid; border-width: 5px; width: 120px; height: 120px; display: flex; flex-direction:column; align-items:center; justify-content: center; position:relative"><div style="position:absolute; bottom:0px; left:5px;">52</div><div>tellurium</div><div style="font-size:xxx-large">{{c1::Te }}</div><div style="position:absolute; bottom:2px;"></div></div></div>
<div style="display: flex; justify-content: center; align-items:center;"><div style="border-color: dimgrey; border-style:solid; border-width: 5px; width: 120px; height: 120px; display: flex; flex-direction:column; align-items:center; justify-content: center; position:relative"><div style="position:absolute; bottom:0px; left:5px;">53</div><div>iodine</div><div style="font-size:xxx-large">{{c1::I }}</div><div style="position:absolute; bottom:2px;"></div></div></div>
<div style="display: flex; justify-content: center; align-items:center;"><div style="border-color: dimgrey; border-style:solid; border-width: 5px; width: 120px; height: 120px; display: flex; flex-direction:column; align-items:center; justify-content: center; position:relative"><div style="position:absolute; bottom:0px; left:5px;">54</div><div>xenon</div><div style="font-size:xxx-large">{{c1::Xe }}</div><div style="position:absolute; bottom:2px;"></div></div></div>
<div style="display: flex; justify-content: center; align-items:center;"><div style="border-color: dimgrey; border-style:solid; border-width: 5px; width: 120px; height: 120px; display: flex; flex-direction:column; align-items:center; justify-content: center; position:relative"><div style="position:absolute; bottom:0px; left:5px;">55</div><div>{{c1::caesium}}</div><div style="font-size:xxx-large">Cs </div><div style="position:absolute; bottom:2px;"></div></div></div>
<div style="display: flex; justify-content: center; align-items:center;"><div style="border-color: dimgrey; border-style:solid; border-width: 5px; width: 120px; height: 120px; display: flex; flex-direction:column; align-items:center; justify-content: center; position:relative"><div style="position:absolute; bottom:0px; left:5px;">56</div><div>{{c1::barium}}</div><div style="font-size:xxx-large">Ba </div><div style="position:absolute; bottom:2px;"></div></div></div>
<div style="display: flex; justify-content: center; align-items:center;"><div style="border-color: dimgrey; border-style:solid; border-width: 5px; width: 120px; height: 120px; display: flex; flex-direction:column; align-items:center; justify-content: center; position:relative"><div style="position:absolute; bottom:0px; left:5px;">57</div><div>{{c1::lanthanum}}</div><div style="font-size:xxx-large">La </div><div style="position:absolute; bottom:2px;"></div></div></div>
<div style="display: flex; justify-content: center; align-items:center;"><div style="border-color: dimgrey; border-style:solid; border-width: 5px; width: 120px; height: 120px; display: flex; flex-direction:column; align-items:center; justify-content: center; position:relative"><div style="position:absolute; bottom:0px; left:5px;">58</div><div>{{c1::cerium}}</div><div style="font-size:xxx-large">Ce </div><div style="position:absolute; bottom:2px;"></div></div></div>
<div style="display: flex; justify-content: center; align-items:center;"><div style="border-color: dimgrey; border-style:solid; border-width: 5px; width: 120px; height: 120px; display: flex; flex-direction:column; align-items:center; justify-content: center; position:relative"><div style="position:absolute; bottom:0px; left:5px;">59</div><div>{{c1::praseodymium}}</div><div style="font-size:xxx-large">Pr </div><div style="position:absolute; bottom:2px;"></div></div></div>
<div style="display: flex; justify-content: center; align-items:center;"><div style="border-color: dimgrey; border-style:solid; border-width: 5px; width: 120px; height: 120px; display: flex; flex-direction:column; align-items:center; justify-content: center; position:relative"><div style="position:absolute; bottom:0px; left:5px;">60</div><div>{{c1::neodymium}}</div><div style="font-size:xxx-large">Nd </div><div style="position:absolute; bottom:2px;"></div></div></div>
<div style="display: flex; justify-content: center; align-items:center;"><div style="border-color: dimgrey; border-style:solid; border-width: 5px; width: 120px; height: 120px; display: flex; flex-direction:column; align-items:center; justify-content: center; position:relative"><div style="position:absolute; bottom:0px; left:5px;">61</div><div>{{c1::promethium}}</div><div style="font-size:xxx-large">Pm </div><div style="position:absolute; bottom:2px;"></div></div></div>
<div style="display: flex; justify-content: center; align-items:center;"><div style="border-color: dimgrey; border-style:solid; border-width: 5px; width: 120px; height: 120px; display: flex; flex-direction:column; align-items:center; justify-content: center; position:relative"><div style="position:absolute; bottom:0px; left:5px;">62</div><div>{{c1::samarium}}</div><div style="font-size:xxx-large">Sm </div><div style="position:absolute; bottom:2px;"></div></div></div>
<div style="display: flex; justify-content: center; align-items:center;"><div style="border-color: dimgrey; border-style:solid; border-width: 5px; width: 120px; height: 120px; display: flex; flex-direction:column; align-items:center; justify-content: center; position:relative"><div style="position:absolute; bottom:0px; left:5px;">63</div><div>{{c1::europium}}</div><div style="font-size:xxx-large">Eu </div><div style="position:absolute; bottom:2px;"></div></div></div>
<div style="display: flex; justify-content: center; align-items:center;"><div style="border-color: dimgrey; border-style:solid; border-width: 5px; width: 120px; height: 120px; display: flex; flex-direction:column; align-items:center; justify-content: center; position:relative"><div style="position:absolute; bottom:0px; left:5px;">64</div><div>{{c1::gadolinium}}</div><div style="font-size:xxx-large">Gd </div><div style="position:absolute; bottom:2px;"></div></div></div>
<div style="display: flex; justify-content: center; align-items:center;"><div style="border-color: dimgrey; border-style:solid; border-width: 5px; width: 120px; height: 120px; display: flex; flex-direction:column; align-items:center; justify-content: center; position:relative"><div style="position:absolute; bottom:0px; left:5px;">65</div><div>{{c1::terbium}}</div><div style="font-size:xxx-large">Tb </div><div style="position:absolute; bottom:2px;"></div></div></div>
<div style="display: flex; justify-content: center; align-items:center;"><div style="border-color: dimgrey; border-style:solid; border-width: 5px; width: 120px; height: 120px; display: flex; flex-direction:column; align-items:center; justify-content: center; position:relative"><div style="position:absolute; bottom:0px; left:5px;">66</div><div>{{c1::dysprosium}}</div><div style="font-size:xxx-large">Dy </div><div style="position:absolute; bottom:2px;"></div></div></div>
<div style="display: flex; justify-content: center; align-items:center;"><div style="border-color: dimgrey; border-style:solid; border-width: 5px; width: 120px; height: 120px; display: flex; flex-direction:column; align-items:center; justify-content: center; position:relative"><div style="position:absolute; bottom:0px; left:5px;">67</div><div>{{c1::holmium}}</div><div style="font-size:xxx-large">Ho </div><div style="position:absolute; bottom:2px;"></div></div></div>
<div style="display: flex; justify-content: center; align-items:center;"><div style="border-color: dimgrey; border-style:solid; border-width: 5px; width: 120px; height: 120px; display: flex; flex-direction:column; align-items:center; justify-content: center; position:relative"><div style="position:absolute; bottom:0px; left:5px;">68</div><div>{{c1::erbium}}</div><div style="font-size:xxx-large">Er </div><div style="position:absolute; bottom:2px;"></div></div></div>
<div style="display: flex; justify-content: center; align-items:center;"><div style="border-color: dimgrey; border-style:solid; border-width: 5px; width: 120px; height: 120px; display: flex; flex-direction:column; align-items:center; justify-content: center; position:relative"><div style="position:absolute; bottom:0px; left:5px;">69</div><div>{{c1::thulium}}</div><div style="font-size:xxx-large">Tm </div><div style="position:absolute; bottom:2px;"></div></div></div>
<div style="display: flex; justify-content: center; align-items:center;"><div style="border-color: dimgrey; border-style:solid; border-width: 5px; width: 120px; height: 120px; display: flex; flex-direction:column; align-items:center; justify-content: center; position:relative"><div style="position:absolute; bottom:0px; left:5px;">70</div><div>{{c1::ytterbium}}</div><div style="font-size:xxx-large">Yb </div><div style="position:absolute; bottom:2px;"></div></div></div>
<div style="display: flex; justify-content: center; align-items:center;"><div style="border-color: dimgrey; border-style:solid; border-width: 5px; width: 120px; height: 120px; display: flex; flex-direction:column; align-items:center; justify-content: center; position:relative"><div style="position:absolute; bottom:0px; left:5px;">71</div><div>{{c1::lutetium}}</div><div style="font-size:xxx-large">Lu </div><div style="position:absolute; bottom:2px;"></div></div></div>
<div style="display: flex; justify-content: center; align-items:center;"><div style="border-color: dimgrey; border-style:solid; border-width: 5px; width: 120px; height: 120px; display: flex; flex-direction:column; align-items:center; justify-content: center; position:relative"><div style="position:absolute; bottom:0px; left:5px;">72</div><div>{{c1::hafnium}}</div><div style="font-size:xxx-large">Hf </div><div style="position:absolute; bottom:2px;"></div></div></div>
<div style="display: flex; justify-content: center; align-items:center;"><div style="border-color: dimgrey; border-style:solid; border-width: 5px; width: 120px; height: 120px; display: flex; flex-direction:column; align-items:center; justify-content: center; position:relative"><div style="position:absolute; bottom:0px; left:5px;">73</div><div>{{c1::tantalum}}</div><div style="font-size:xxx-large">Ta </div><div style="position:absolute; bottom:2px;"></div></div></div>
<div style="display: flex; justify-content: center; align-items:center;"><div style="border-color: dimgrey; border-style:solid; border-width: 5px; width: 120px; height: 120px; display: flex; flex-direction:column; align-items:center; justify-content: center; position:relative"><div style="position:absolute; bottom:0px; left:5px;">74</div><div>{{c1::tungsten}}</div><div style="font-size:xxx-large">W </div><div style="position:absolute; bottom:2px;"></div></div></div>
<div style="display: flex; justify-content: center; align-items:center;"><div style="border-color: dimgrey; border-style:solid; border-width: 5px; width: 120px; height: 120px; display: flex; flex-direction:column; align-items:center; justify-content: center; position:relative"><div style="position:absolute; bottom:0px; left:5px;">75</div><div>{{c1::rhenium}}</div><div style="font-size:xxx-large">Re </div><div style="position:absolute; bottom:2px;"></div></div></div>
<div style="display: flex; justify-content: center; align-items:center;"><div style="border-color: dimgrey; border-style:solid; border-width: 5px; width: 120px; height: 120px; display: flex; flex-direction:column; align-items:center; justify-content: center; position:relative"><div style="position:absolute; bottom:0px; left:5px;">76</div><div>{{c1::osmium}}</div><div style="font-size:xxx-large">Os </div><div style="position:absolute; bottom:2px;"></div></div></div>
<div style="display: flex; justify-content: center; align-items:center;"><div style="border-color: dimgrey; border-style:solid; border-width: 5px; width: 120px; height: 120px; display: flex; flex-direction:column; align-items:center; justify-content: center; position:relative"><div style="position:absolute; bottom:0px; left:5px;">77</div><div>{{c1::iridium}}</div><div style="font-size:xxx-large">Ir </div><div style="position:absolute; bottom:2px;"></div></div></div>
<div style="display: flex; justify-content: center; align-items:center;"><div style="border-color: dimgrey; border-style:solid; border-width: 5px; width: 120px; height: 120px; display: flex; flex-direction:column; align-items:center; justify-content: center; position:relative"><div style="position:absolute; bottom:0px; left:5px;">78</div><div>{{c1::platinum}}</div><div style="font-size:xxx-large">Pt </div><div style="position:absolute; bottom:2px;"></div></div></div>
<div style="display: flex; justify-content: center; align-items:center;"><div style="border-color: dimgrey; border-style:solid; border-width: 5px; width: 120px; height: 120px; display: flex; flex-direction:column; align-items:center; justify-content: center; position:relative"><div style="position:absolute; bottom:0px; left:5px;">79</div><div>{{c1::gold}}</div><div style="font-size:xxx-large">Au </div><div style="position:absolute; bottom:2px;"></div></div></div>
<div style="display: flex; justify-content: center; align-items:center;"><div style="border-color: dimgrey; border-style:solid; border-width: 5px; width: 120px; height: 120px; display: flex; flex-direction:column; align-items:center; justify-content: center; position:relative"><div style="position:absolute; bottom:0px; left:5px;">80</div><div>{{c1::mercury}}</div><div style="font-size:xxx-large">Hg </div><div style="position:absolute; bottom:2px;"></div></div></div>
<div style="display: flex; justify-content: center; align-items:center;"><div style="border-color: dimgrey; border-style:solid; border-width: 5px; width: 120px; height: 120px; display: flex; flex-direction:column; align-items:center; justify-content: center; position:relative"><div style="position:absolute; bottom:0px; left:5px;">81</div><div>{{c1::thallium}}</div><div style="font-size:xxx-large">Tl </div><div style="position:absolute; bottom:2px;"></div></div></div>
<div style="display: flex; justify-content: center; align-items:center;"><div style="border-color: dimgrey; border-style:solid; border-width: 5px; width: 120px; height: 120px; display: flex; flex-direction:column; align-items:center; justify-content: center; position:relative"><div style="position:absolute; bottom:0px; left:5px;">82</div><div>{{c1::lead}}</div><div style="font-size:xxx-large">Pb </div><div style="position:absolute; bottom:2px;"></div></div></div>
<div style="display: flex; justify-content: center; align-items:center;"><div style="border-color: dimgrey; border-style:solid; border-width: 5px; width: 120px; height: 120px; display: flex; flex-direction:column; align-items:center; justify-content: center; position:relative"><div style="position:absolute; bottom:0px; left:5px;">83</div><div>{{c1::bismuth}}</div><div style="font-size:xxx-large">Bi </div><div style="position:absolute; bottom:2px;"></div></div></div>
<div style="display: flex; justify-content: center; align-items:center;"><div style="border-color: dimgrey; border-style:solid; border-width: 5px; width: 120px; height: 120px; display: flex; flex-direction:column; align-items:center; justify-content: center; position:relative"><div style="position:absolute; bottom:0px; left:5px;">84</div><div>{{c1::polonium}}</div><div style="font-size:xxx-large">Po </div><div style="position:absolute; bottom:2px;"></div></div></div>
<div style="display: flex; justify-content: center; align-items:center;"><div style="border-color: dimgrey; border-style:solid; border-width: 5px; width: 120px; height: 120px; display: flex; flex-direction:column; align-items:center; justify-content: center; position:relative"><div style="position:absolute; bottom:0px; left:5px;">85</div><div>{{c1::astatine}}</div><div style="font-size:xxx-large">At </div><div style="position:absolute; bottom:2px;"></div></div></div>
<div style="display: flex; justify-content: center; align-items:center;"><div style="border-color: dimgrey; border-style:solid; border-width: 5px; width: 120px; height: 120px; display: flex; flex-direction:column; align-items:center; justify-content: center; position:relative"><div style="position:absolute; bottom:0px; left:5px;">86</div><div>{{c1::radon}}</div><div style="font-size:xxx-large">Rn </div><div style="position:absolute; bottom:2px;"></div></div></div>
<div style="display: flex; justify-content: center; align-items:center;"><div style="border-color: dimgrey; border-style:solid; border-width: 5px; width: 120px; height: 120px; display: flex; flex-direction:column; align-items:center; justify-content: center; position:relative"><div style="position:absolute; bottom:0px; left:5px;">55</div><div>caesium</div><div style="font-size:xxx-large">{{c1::Cs }}</div><div style="position:absolute; bottom:2px;"></div></div></div>
<div style="display: flex; justify-content: center; align-items:center;"><div style="border-color: dimgrey; border-style:solid; border-width: 5px; width: 120px; height: 120px; display: flex; flex-direction:column; align-items:center; justify-content: center; position:relative"><div style="position:absolute; bottom:0px; left:5px;">56</div><div>barium</div><div style="font-size:xxx-large">{{c1::Ba }}</div><div style="position:absolute; bottom:2px;"></div></div></div>
<div style="display: flex; justify-content: center; align-items:center;"><div style="border-color: dimgrey; border-style:solid; border-width: 5px; width: 120px; height: 120px; display: flex; flex-direction:column; align-items:center; justify-content: center; position:relative"><div style="position:absolute; bottom:0px; left:5px;">57</div><div>lanthanum</div><div style="font-size:xxx-large">{{c1::La }}</div><div style="position:absolute; bottom:2px;"></div></div></div>
<div style="display: flex; justify-content: center; align-items:center;"><div style="border-color: dimgrey; border-style:solid; border-width: 5px; width: 120px; height: 120px; display: flex; flex-direction:column; align-items:center; justify-content: center; position:relative"><div style="position:absolute; bottom:0px; left:5px;">58</div><div>cerium</div><div style="font-size:xxx-large">{{c1::Ce }}</div><div style="position:absolute; bottom:2px;"></div></div></div>
<div style="display: flex; justify-content: center; align-items:center;"><div style="border-color: dimgrey; border-style:solid; border-width: 5px; width: 120px; height: 120px; display: flex; flex-direction:column; align-items:center; justify-content: center; position:relative"><div style="position:absolute; bottom:0px; left:5px;">59</div><div>praseodymium</div><div style="font-size:xxx-large">{{c1::Pr }}</div><div style="position:absolute; bottom:2px;"></div></div></div>
<div style="display: flex; justify-content: center; align-items:center;"><div style="border-color: dimgrey; border-style:solid; border-width: 5px; width: 120px; height: 120px; display: flex; flex-direction:column; align-items:center; justify-content: center; position:relative"><div style="position:absolute; bottom:0px; left:5px;">60</div><div>neodymium</div><div style="font-size:xxx-large">{{c1::Nd }}</div><div style="position:absolute; bottom:2px;"></div></div></div>
<div style="display: flex; justify-content: center; align-items:center;"><div style="border-color: dimgrey; border-style:solid; border-width: 5px; width: 120px; height: 120px; display: flex; flex-direction:column; align-items:center; justify-content: center; position:relative"><div style="position:absolute; bottom:0px; left:5px;">61</div><div>promethium</div><div style="font-size:xxx-large">{{c1::Pm }}</div><div style="position:absolute; bottom:2px;"></div></div></div>
<div style="display: flex; justify-content: center; align-items:center;"><div style="border-color: dimgrey; border-style:solid; border-width: 5px; width: 120px; height: 120px; display: flex; flex-direction:column; align-items:center; justify-content: center; position:relative"><div style="position:absolute; bottom:0px; left:5px;">62</div><div>samarium</div><div style="font-size:xxx-large">{{c1::Sm }}</div><div style="position:absolute; bottom:2px;"></div></div></div>
<div style="display: flex; justify-content: center; align-items:center;"><div style="border-color: dimgrey; border-style:solid; border-width: 5px; width: 120px; height: 120px; display: flex; flex-direction:column; align-items:center; justify-content: center; position:relative"><div style="position:absolute; bottom:0px; left:5px;">63</div><div>europium</div><div style="font-size:xxx-large">{{c1::Eu }}</div><div style="position:absolute; bottom:2px;"></div></div></div>
<div style="display: flex; justify-content: center; align-items:center;"><div style="border-color: dimgrey; border-style:solid; border-width: 5px; width: 120px; height: 120px; display: flex; flex-direction:column; align-items:center; justify-content: center; position:relative"><div style="position:absolute; bottom:0px; left:5px;">64</div><div>gadolinium</div><div style="font-size:xxx-large">{{c1::Gd }}</div><div style="position:absolute; bottom:2px;"></div></div></div>
<div style="display: flex; justify-content: center; align-items:center;"><div style="border-color: dimgrey; border-style:solid; border-width: 5px; width: 120px; height: 120px; display: flex; flex-direction:column; align-items:center; justify-content: center; position:relative"><div style="position:absolute; bottom:0px; left:5px;">65</div><div>terbium</div><div style="font-size:xxx-large">{{c1::Tb }}</div><div style="position:absolute; bottom:2px;"></div></div></div>
<div style="display: flex; justify-content: center; align-items:center;"><div style="border-color: dimgrey; border-style:solid; border-width: 5px; width: 120px; height: 120px; display: flex; flex-direction:column; align-items:center; justify-content: center; position:relative"><div style="position:absolute; bottom:0px; left:5px;">66</div><div>dysprosium</div><div style="font-size:xxx-large">{{c1::Dy }}</div><div style="position:absolute; bottom:2px;"></div></div></div>
<div style="display: flex; justify-content: center; align-items:center;"><div style="border-color: dimgrey; border-style:solid; border-width: 5px; width: 120px; height: 120px; display: flex; flex-direction:column; align-items:center; justify-content: center; position:relative"><div style="position:absolute; bottom:0px; left:5px;">67</div><div>holmium</div><div style="font-size:xxx-large">{{c1::Ho }}</div><div style="position:absolute; bottom:2px;"></div></div></div>
<div style="display: flex; justify-content: center; align-items:center;"><div style="border-color: dimgrey; border-style:solid; border-width: 5px; width: 120px; height: 120px; display: flex; flex-direction:column; align-items:center; justify-content: center; position:relative"><div style="position:absolute; bottom:0px; left:5px;">68</div><div>erbium</div><div style="font-size:xxx-large">{{c1::Er }}</div><div style="position:absolute; bottom:2px;"></div></div></div>
<div style="display: flex; justify-content: center; align-items:center;"><div style="border-color: dimgrey; border-style:solid; border-width: 5px; width: 120px; height: 120px; display: flex; flex-direction:column; align-items:center; justify-content: center; position:relative"><div style="position:absolute; bottom:0px; left:5px;">69</div><div>thulium</div><div style="font-size:xxx-large">{{c1::Tm }}</div><div style="position:absolute; bottom:2px;"></div></div></div>
<div style="display: flex; justify-content: center; align-items:center;"><div style="border-color: dimgrey; border-style:solid; border-width: 5px; width: 120px; height: 120px; display: flex; flex-direction:column; align-items:center; justify-content: center; position:relative"><div style="position:absolute; bottom:0px; left:5px;">70</div><div>ytterbium</div><div style="font-size:xxx-large">{{c1::Yb }}</div><div style="position:absolute; bottom:2px;"></div></div></div>
<div style="display: flex; justify-content: center; align-items:center;"><div style="border-color: dimgrey; border-style:solid; border-width: 5px; width: 120px; height: 120px; display: flex; flex-direction:column; align-items:center; justify-content: center; position:relative"><div style="position:absolute; bottom:0px; left:5px;">71</div><div>lutetium</div><div style="font-size:xxx-large">{{c1::Lu }}</div><div style="position:absolute; bottom:2px;"></div></div></div>
<div style="display: flex; justify-content: center; align-items:center;"><div style="border-color: dimgrey; border-style:solid; border-width: 5px; width: 120px; height: 120px; display: flex; flex-direction:column; align-items:center; justify-content: center; position:relative"><div style="position:absolute; bottom:0px; left:5px;">72</div><div>hafnium</div><div style="font-size:xxx-large">{{c1::Hf }}</div><div style="position:absolute; bottom:2px;"></div></div></div>
<div style="display: flex; justify-content: center; align-items:center;"><div style="border-color: dimgrey; border-style:solid; border-width: 5px; width: 120px; height: 120px; display: flex; flex-direction:column; align-items:center; justify-content: center; position:relative"><div style="position:absolute; bottom:0px; left:5px;">73</div><div>tantalum</div><div style="font-size:xxx-large">{{c1::Ta }}</div><div style="position:absolute; bottom:2px;"></div></div></div>
<div style="display: flex; justify-content: center; align-items:center;"><div style="border-color: dimgrey; border-style:solid; border-width: 5px; width: 120px; height: 120px; display: flex; flex-direction:column; align-items:center; justify-content: center; position:relative"><div style="position:absolute; bottom:0px; left:5px;">74</div><div>tungsten</div><div style="font-size:xxx-large">{{c1::W }}</div><div style="position:absolute; bottom:2px;"></div></div></div>
<div style="display: flex; justify-content: center; align-items:center;"><div style="border-color: dimgrey; border-style:solid; border-width: 5px; width: 120px; height: 120px; display: flex; flex-direction:column; align-items:center; justify-content: center; position:relative"><div style="position:absolute; bottom:0px; left:5px;">75</div><div>rhenium</div><div style="font-size:xxx-large">{{c1::Re }}</div><div style="position:absolute; bottom:2px;"></div></div></div>
<div style="display: flex; justify-content: center; align-items:center;"><div style="border-color: dimgrey; border-style:solid; border-width: 5px; width: 120px; height: 120px; display: flex; flex-direction:column; align-items:center; justify-content: center; position:relative"><div style="position:absolute; bottom:0px; left:5px;">76</div><div>osmium</div><div style="font-size:xxx-large">{{c1::Os }}</div><div style="position:absolute; bottom:2px;"></div></div></div>
<div style="display: flex; justify-content: center; align-items:center;"><div style="border-color: dimgrey; border-style:solid; border-width: 5px; width: 120px; height: 120px; display: flex; flex-direction:column; align-items:center; justify-content: center; position:relative"><div style="position:absolute; bottom:0px; left:5px;">77</div><div>iridium</div><div style="font-size:xxx-large">{{c1::Ir }}</div><div style="position:absolute; bottom:2px;"></div></div></div>
<div style="display: flex; justify-content: center; align-items:center;"><div style="border-color: dimgrey; border-style:solid; border-width: 5px; width: 120px; height: 120px; display: flex; flex-direction:column; align-items:center; justify-content: center; position:relative"><div style="position:absolute; bottom:0px; left:5px;">78</div><div>platinum</div><div style="font-size:xxx-large">{{c1::Pt }}</div><div style="position:absolute; bottom:2px;"></div></div></div>
<div style="display: flex; justify-content: center; align-items:center;"><div style="border-color: dimgrey; border-style:solid; border-width: 5px; width: 120px; height: 120px; display: flex; flex-direction:column; align-items:center; justify-content: center; position:relative"><div style="position:absolute; bottom:0px; left:5px;">79</div><div>gold</div><div style="font-size:xxx-large">{{c1::Au }}</div><div style="position:absolute; bottom:2px;"></div></div></div>
<div style="display: flex; justify-content: center; align-items:center;"><div style="border-color: dimgrey; border-style:solid; border-width: 5px; width: 120px; height: 120px; display: flex; flex-direction:column; align-items:center; justify-content: center; position:relative"><div style="position:absolute; bottom:0px; left:5px;">80</div><div>mercury</div><div style="font-size:xxx-large">{{c1::Hg }}</div><div style="position:absolute; bottom:2px;"></div></div></div>
<div style="display: flex; justify-content: center; align-items:center;"><div style="border-color: dimgrey; border-style:solid; border-width: 5px; width: 120px; height: 120px; display: flex; flex-direction:column; align-items:center; justify-content: center; position:relative"><div style="position:absolute; bottom:0px; left:5px;">81</div><div>thallium</div><div style="font-size:xxx-large">{{c1::Tl }}</div><div style="position:absolute; bottom:2px;"></div></div></div>
<div style="display: flex; justify-content: center; align-items:center;"><div style="border-color: dimgrey; border-style:solid; border-width: 5px; width: 120px; height: 120px; display: flex; flex-direction:column; align-items:center; justify-content: center; position:relative"><div style="position:absolute; bottom:0px; left:5px;">82</div><div>lead</div><div style="font-size:xxx-large">{{c1::Pb }}</div><div style="position:absolute; bottom:2px;"></div></div></div>
<div style="display: flex; justify-content: center; align-items:center;"><div style="border-color: dimgrey; border-style:solid; border-width: 5px; width: 120px; height: 120px; display: flex; flex-direction:column; align-items:center; justify-content: center; position:relative"><div style="position:absolute; bottom:0px; left:5px;">83</div><div>bismuth</div><div style="font-size:xxx-large">{{c1::Bi }}</div><div style="position:absolute; bottom:2px;"></div></div></div>
<div style="display: flex; justify-content: center; align-items:center;"><div style="border-color: dimgrey; border-style:solid; border-width: 5px; width: 120px; height: 120px; display: flex; flex-direction:column; align-items:center; justify-content: center; position:relative"><div style="position:absolute; bottom:0px; left:5px;">84</div><div>polonium</div><div style="font-size:xxx-large">{{c1::Po }}</div><div style="position:absolute; bottom:2px;"></div></div></div>
<div style="display: flex; justify-content: center; align-items:center;"><div style="border-color: dimgrey; border-style:solid; border-width: 5px; width: 120px; height: 120px; display: flex; flex-direction:column; align-items:center; justify-content: center; position:relative"><div style="position:absolute; bottom:0px; left:5px;">85</div><div>astatine</div><div style="font-size:xxx-large">{{c1::At }}</div><div style="position:absolute; bottom:2px;"></div></div></div>
<div style="display: flex; justify-content: center; align-items:center;"><div style="border-color: dimgrey; border-style:solid; border-width: 5px; width: 120px; height: 120px; display: flex; flex-direction:column; align-items:center; justify-content: center; position:relative"><div style="position:absolute; bottom:0px; left:5px;">86</div><div>radon</div><div style="font-size:xxx-large">{{c1::Rn }}</div><div style="position:absolute; bottom:2px;"></div></div></div>
<div style="display: flex; justify-content: center; align-items:center;"><div style="border-color: dimgrey; border-style:solid; border-width: 5px; width: 120px; height: 120px; display: flex; flex-direction:column; align-items:center; justify-content: center; position:relative"><div style="position:absolute; bottom:0px; left:5px;">87</div><div>{{c1::francium}}</div><div style="font-size:xxx-large">Fr </div><div style="position:absolute; bottom:2px;"></div></div></div>
<div style="display: flex; justify-content: center; align-items:center;"><div style="border-color: dimgrey; border-style:solid; border-width: 5px; width: 120px; height: 120px; display: flex; flex-direction:column; align-items:center; justify-content: center; position:relative"><div style="position:absolute; bottom:0px; left:5px;">88</div><div>{{c1::radium}}</div><div style="font-size:xxx-large">Ra </div><div style="position:absolute; bottom:2px;"></div></div></div>
<div style="display: flex; justify-content: center; align-items:center;"><div style="border-color: dimgrey; border-style:solid; border-width: 5px; width: 120px; height: 120px; display: flex; flex-direction:column; align-items:center; justify-content: center; position:relative"><div style="position:absolute; bottom:0px; left:5px;">89</div><div>{{c1::actinium}}</div><div style="font-size:xxx-large">Ac </div><div style="position:absolute; bottom:2px;"></div></div></div>
<div style="display: flex; justify-content: center; align-items:center;"><div style="border-color: dimgrey; border-style:solid; border-width: 5px; width: 120px; height: 120px; display: flex; flex-direction:column; align-items:center; justify-content: center; position:relative"><div style="position:absolute; bottom:0px; left:5px;">90</div><div>{{c1::thorium}}</div><div style="font-size:xxx-large">Th </div><div style="position:absolute; bottom:2px;"></div></div></div>
<div style="display: flex; justify-content: center; align-items:center;"><div style="border-color: dimgrey; border-style:solid; border-width: 5px; width: 120px; height: 120px; display: flex; flex-direction:column; align-items:center; justify-content: center; position:relative"><div style="position:absolute; bottom:0px; left:5px;">91</div><div>{{c1::protactinium}}</div><div style="font-size:xxx-large">Pa </div><div style="position:absolute; bottom:2px;"></div></div></div>
<div style="display: flex; justify-content: center; align-items:center;"><div style="border-color: dimgrey; border-style:solid; border-width: 5px; width: 120px; height: 120px; display: flex; flex-direction:column; align-items:center; justify-content: center; position:relative"><div style="position:absolute; bottom:0px; left:5px;">92</div><div>{{c1::uranium}}</div><div style="font-size:xxx-large">U </div><div style="position:absolute; bottom:2px;"></div></div></div>
<div style="display: flex; justify-content: center; align-items:center;"><div style="border-color: dimgrey; border-style:solid; border-width: 5px; width: 120px; height: 120px; display: flex; flex-direction:column; align-items:center; justify-content: center; position:relative"><div style="position:absolute; bottom:0px; left:5px;">93</div><div>{{c1::neptunium}}</div><div style="font-size:xxx-large">Np </div><div style="position:absolute; bottom:2px;"></div></div></div>
<div style="display: flex; justify-content: center; align-items:center;"><div style="border-color: dimgrey; border-style:solid; border-width: 5px; width: 120px; height: 120px; display: flex; flex-direction:column; align-items:center; justify-content: center; position:relative"><div style="position:absolute; bottom:0px; left:5px;">94</div><div>{{c1::plutonium}}</div><div style="font-size:xxx-large">Pu </div><div style="position:absolute; bottom:2px;"></div></div></div>
<div style="display: flex; justify-content: center; align-items:center;"><div style="border-color: dimgrey; border-style:solid; border-width: 5px; width: 120px; height: 120px; display: flex; flex-direction:column; align-items:center; justify-content: center; position:relative"><div style="position:absolute; bottom:0px; left:5px;">95</div><div>{{c1::americium}}</div><div style="font-size:xxx-large">Am </div><div style="position:absolute; bottom:2px;"></div></div></div>
<div style="display: flex; justify-content: center; align-items:center;"><div style="border-color: dimgrey; border-style:solid; border-width: 5px; width: 120px; height: 120px; display: flex; flex-direction:column; align-items:center; justify-content: center; position:relative"><div style="position:absolute; bottom:0px; left:5px;">96</div><div>{{c1::curium}}</div><div style="font-size:xxx-large">Cm </div><div style="position:absolute; bottom:2px;"></div></div></div>
<div style="display: flex; justify-content: center; align-items:center;"><div style="border-color: dimgrey; border-style:solid; border-width: 5px; width: 120px; height: 120px; display: flex; flex-direction:column; align-items:center; justify-content: center; position:relative"><div style="position:absolute; bottom:0px; left:5px;">97</div><div>{{c1::berkelium}}</div><div style="font-size:xxx-large">Bk </div><div style="position:absolute; bottom:2px;"></div></div></div>
<div style="display: flex; justify-content: center; align-items:center;"><div style="border-color: dimgrey; border-style:solid; border-width: 5px; width: 120px; height: 120px; display: flex; flex-direction:column; align-items:center; justify-content: center; position:relative"><div style="position:absolute; bottom:0px; left:5px;">98</div><div>{{c1::californium}}</div><div style="font-size:xxx-large">Cf </div><div style="position:absolute; bottom:2px;"></div></div></div>
<div style="display: flex; justify-content: center; align-items:center;"><div style="border-color: dimgrey; border-style:solid; border-width: 5px; width: 120px; height: 120px; display: flex; flex-direction:column; align-items:center; justify-content: center; position:relative"><div style="position:absolute; bottom:0px; left:5px;">99</div><div>{{c1::einsteinium}}</div><div style="font-size:xxx-large">Es </div><div style="position:absolute; bottom:2px;"></div></div></div>
<div style="display: flex; justify-content: center; align-items:center;"><div style="border-color: dimgrey; border-style:solid; border-width: 5px; width: 120px; height: 120px; display: flex; flex-direction:column; align-items:center; justify-content: center; position:relative"><div style="position:absolute; bottom:0px; left:5px;">100</div><div>{{c1::fermium}}</div><div style="font-size:xxx-large">Fm </div><div style="position:absolute; bottom:2px;"></div></div></div>
<div style="display: flex; justify-content: center; align-items:center;"><div style="border-color: dimgrey; border-style:solid; border-width: 5px; width: 120px; height: 120px; display: flex; flex-direction:column; align-items:center; justify-content: center; position:relative"><div style="position:absolute; bottom:0px; left:5px;">101</div><div>{{c1::mendelevium}}</div><div style="font-size:xxx-large">Md </div><div style="position:absolute; bottom:2px;"></div></div></div>
<div style="display: flex; justify-content: center; align-items:center;"><div style="border-color: dimgrey; border-style:solid; border-width: 5px; width: 120px; height: 120px; display: flex; flex-direction:column; align-items:center; justify-content: center; position:relative"><div style="position:absolute; bottom:0px; left:5px;">102</div><div>{{c1::nobelium}}</div><div style="font-size:xxx-large">No </div><div style="position:absolute; bottom:2px;"></div></div></div>
<div style="display: flex; justify-content: center; align-items:center;"><div style="border-color: dimgrey; border-style:solid; border-width: 5px; width: 120px; height: 120px; display: flex; flex-direction:column; align-items:center; justify-content: center; position:relative"><div style="position:absolute; bottom:0px; left:5px;">103</div><div>{{c1::lawrencium}}</div><div style="font-size:xxx-large">Lr </div><div style="position:absolute; bottom:2px;"></div></div></div>
<div style="display: flex; justify-content: center; align-items:center;"><div style="border-color: dimgrey; border-style:solid; border-width: 5px; width: 120px; height: 120px; display: flex; flex-direction:column; align-items:center; justify-content: center; position:relative"><div style="position:absolute; bottom:0px; left:5px;">104</div><div>{{c1::rutherfordium}}</div><div style="font-size:xxx-large">Rf </div><div style="position:absolute; bottom:2px;"></div></div></div>
<div style="display: flex; justify-content: center; align-items:center;"><div style="border-color: dimgrey; border-style:solid; border-width: 5px; width: 120px; height: 120px; display: flex; flex-direction:column; align-items:center; justify-content: center; position:relative"><div style="position:absolute; bottom:0px; left:5px;">105</div><div>{{c1::dubnium}}</div><div style="font-size:xxx-large">Db </div><div style="position:absolute; bottom:2px;"></div></div></div>
<div style="display: flex; justify-content: center; align-items:center;"><div style="border-color: dimgrey; border-style:solid; border-width: 5px; width: 120px; height: 120px; display: flex; flex-direction:column; align-items:center; justify-content: center; position:relative"><div style="position:absolute; bottom:0px; left:5px;">106</div><div>{{c1::seaborgium}}</div><div style="font-size:xxx-large">Sg </div><div style="position:absolute; bottom:2px;"></div></div></div>
<div style="display: flex; justify-content: center; align-items:center;"><div style="border-color: dimgrey; border-style:solid; border-width: 5px; width: 120px; height: 120px; display: flex; flex-direction:column; align-items:center; justify-content: center; position:relative"><div style="position:absolute; bottom:0px; left:5px;">107</div><div>{{c1::bohrium}}</div><div style="font-size:xxx-large">Bh </div><div style="position:absolute; bottom:2px;"></div></div></div>
<div style="display: flex; justify-content: center; align-items:center;"><div style="border-color: dimgrey; border-style:solid; border-width: 5px; width: 120px; height: 120px; display: flex; flex-direction:column; align-items:center; justify-content: center; position:relative"><div style="position:absolute; bottom:0px; left:5px;">108</div><div>{{c1::hassium}}</div><div style="font-size:xxx-large">Hs </div><div style="position:absolute; bottom:2px;"></div></div></div>
<div style="display: flex; justify-content: center; align-items:center;"><div style="border-color: dimgrey; border-style:solid; border-width: 5px; width: 120px; height: 120px; display: flex; flex-direction:column; align-items:center; justify-content: center; position:relative"><div style="position:absolute; bottom:0px; left:5px;">109</div><div>{{c1::meitnerium}}</div><div style="font-size:xxx-large">Mt </div><div style="position:absolute; bottom:2px;"></div></div></div>
<div style="display: flex; justify-content: center; align-items:center;"><div style="border-color: dimgrey; border-style:solid; border-width: 5px; width: 120px; height: 120px; display: flex; flex-direction:column; align-items:center; justify-content: center; position:relative"><div style="position:absolute; bottom:0px; left:5px;">110</div><div>{{c1::darmstadtium}}</div><div style="font-size:xxx-large">Ds </div><div style="position:absolute; bottom:2px;"></div></div></div>
<div style="display: flex; justify-content: center; align-items:center;"><div style="border-color: dimgrey; border-style:solid; border-width: 5px; width: 120px; height: 120px; display: flex; flex-direction:column; align-items:center; justify-content: center; position:relative"><div style="position:absolute; bottom:0px; left:5px;">111</div><div>{{c1::roentgenium}}</div><div style="font-size:xxx-large">Rg </div><div style="position:absolute; bottom:2px;"></div></div></div>
<div style="display: flex; justify-content: center; align-items:center;"><div style="border-color: dimgrey; border-style:solid; border-width: 5px; width: 120px; height: 120px; display: flex; flex-direction:column; align-items:center; justify-content: center; position:relative"><div style="position:absolute; bottom:0px; left:5px;">112</div><div>{{c1::copernicium}}</div><div style="font-size:xxx-large">Cn </div><div style="position:absolute; bottom:2px;"></div></div></div>
<div style="display: flex; justify-content: center; align-items:center;"><div style="border-color: dimgrey; border-style:solid; border-width: 5px; width: 120px; height: 120px; display: flex; flex-direction:column; align-items:center; justify-content: center; position:relative"><div style="position:absolute; bottom:0px; left:5px;">113</div><div>{{c1::nihonium}}</div><div style="font-size:xxx-large">Nh </div><div style="position:absolute; bottom:2px;"></div></div></div>
<div style="display: flex; justify-content: center; align-items:center;"><div style="border-color: dimgrey; border-style:solid; border-width: 5px; width: 120px; height: 120px; display: flex; flex-direction:column; align-items:center; justify-content: center; position:relative"><div style="position:absolute; bottom:0px; left:5px;">114</div><div>{{c1::flerovium}}</div><div style="font-size:xxx-large">Fl </div><div style="position:absolute; bottom:2px;"></div></div></div>
<div style="display: flex; justify-content: center; align-items:center;"><div style="border-color: dimgrey; border-style:solid; border-width: 5px; width: 120px; height: 120px; display: flex; flex-direction:column; align-items:center; justify-content: center; position:relative"><div style="position:absolute; bottom:0px; left:5px;">115</div><div>{{c1::moscovium}}</div><div style="font-size:xxx-large">Mc </div><div style="position:absolute; bottom:2px;"></div></div></div>
<div style="display: flex; justify-content: center; align-items:center;"><div style="border-color: dimgrey; border-style:solid; border-width: 5px; width: 120px; height: 120px; display: flex; flex-direction:column; align-items:center; justify-content: center; position:relative"><div style="position:absolute; bottom:0px; left:5px;">116</div><div>{{c1::livermorium}}</div><div style="font-size:xxx-large">Lv </div><div style="position:absolute; bottom:2px;"></div></div></div>
<div style="display: flex; justify-content: center; align-items:center;"><div style="border-color: dimgrey; border-style:solid; border-width: 5px; width: 120px; height: 120px; display: flex; flex-direction:column; align-items:center; justify-content: center; position:relative"><div style="position:absolute; bottom:0px; left:5px;">117</div><div>{{c1::tennessine}}</div><div style="font-size:xxx-large">Ts </div><div style="position:absolute; bottom:2px;"></div></div></div>
<div style="display: flex; justify-content: center; align-items:center;"><div style="border-color: dimgrey; border-style:solid; border-width: 5px; width: 120px; height: 120px; display: flex; flex-direction:column; align-items:center; justify-content: center; position:relative"><div style="position:absolute; bottom:0px; left:5px;">118</div><div>{{c1::oganesson}}</div><div style="font-size:xxx-large">Og </div><div style="position:absolute; bottom:2px;"></div></div></div>
<div style="display: flex; justify-content: center; align-items:center;"><div style="border-color: dimgrey; border-style:solid; border-width: 5px; width: 120px; height: 120px; display: flex; flex-direction:column; align-items:center; justify-content: center; position:relative"><div style="position:absolute; bottom:0px; left:5px;">87</div><div>francium</div><div style="font-size:xxx-large">{{c1::Fr }}</div><div style="position:absolute; bottom:2px;"></div></div></div>
<div style="display: flex; justify-content: center; align-items:center;"><div style="border-color: dimgrey; border-style:solid; border-width: 5px; width: 120px; height: 120px; display: flex; flex-direction:column; align-items:center; justify-content: center; position:relative"><div style="position:absolute; bottom:0px; left:5px;">88</div><div>radium</div><div style="font-size:xxx-large">{{c1::Ra }}</div><div style="position:absolute; bottom:2px;"></div></div></div>
<div style="display: flex; justify-content: center; align-items:center;"><div style="border-color: dimgrey; border-style:solid; border-width: 5px; width: 120px; height: 120px; display: flex; flex-direction:column; align-items:center; justify-content: center; position:relative"><div style="position:absolute; bottom:0px; left:5px;">89</div><div>actinium</div><div style="font-size:xxx-large">{{c1::Ac }}</div><div style="position:absolute; bottom:2px;"></div></div></div>
<div style="display: flex; justify-content: center; align-items:center;"><div style="border-color: dimgrey; border-style:solid; border-width: 5px; width: 120px; height: 120px; display: flex; flex-direction:column; align-items:center; justify-content: center; position:relative"><div style="position:absolute; bottom:0px; left:5px;">90</div><div>thorium</div><div style="font-size:xxx-large">{{c1::Th }}</div><div style="position:absolute; bottom:2px;"></div></div></div>
<div style="display: flex; justify-content: center; align-items:center;"><div style="border-color: dimgrey; border-style:solid; border-width: 5px; width: 120px; height: 120px; display: flex; flex-direction:column; align-items:center; justify-content: center; position:relative"><div style="position:absolute; bottom:0px; left:5px;">91</div><div>protactinium</div><div style="font-size:xxx-large">{{c1::Pa }}</div><div style="position:absolute; bottom:2px;"></div></div></div>
<div style="display: flex; justify-content: center; align-items:center;"><div style="border-color: dimgrey; border-style:solid; border-width: 5px; width: 120px; height: 120px; display: flex; flex-direction:column; align-items:center; justify-content: center; position:relative"><div style="position:absolute; bottom:0px; left:5px;">92</div><div>uranium</div><div style="font-size:xxx-large">{{c1::U }}</div><div style="position:absolute; bottom:2px;"></div></div></div>
<div style="display: flex; justify-content: center; align-items:center;"><div style="border-color: dimgrey; border-style:solid; border-width: 5px; width: 120px; height: 120px; display: flex; flex-direction:column; align-items:center; justify-content: center; position:relative"><div style="position:absolute; bottom:0px; left:5px;">93</div><div>neptunium</div><div style="font-size:xxx-large">{{c1::Np }}</div><div style="position:absolute; bottom:2px;"></div></div></div>
<div style="display: flex; justify-content: center; align-items:center;"><div style="border-color: dimgrey; border-style:solid; border-width: 5px; width: 120px; height: 120px; display: flex; flex-direction:column; align-items:center; justify-content: center; position:relative"><div style="position:absolute; bottom:0px; left:5px;">94</div><div>plutonium</div><div style="font-size:xxx-large">{{c1::Pu }}</div><div style="position:absolute; bottom:2px;"></div></div></div>
<div style="display: flex; justify-content: center; align-items:center;"><div style="border-color: dimgrey; border-style:solid; border-width: 5px; width: 120px; height: 120px; display: flex; flex-direction:column; align-items:center; justify-content: center; position:relative"><div style="position:absolute; bottom:0px; left:5px;">95</div><div>americium</div><div style="font-size:xxx-large">{{c1::Am }}</div><div style="position:absolute; bottom:2px;"></div></div></div>
<div style="display: flex; justify-content: center; align-items:center;"><div style="border-color: dimgrey; border-style:solid; border-width: 5px; width: 120px; height: 120px; display: flex; flex-direction:column; align-items:center; justify-content: center; position:relative"><div style="position:absolute; bottom:0px; left:5px;">96</div><div>curium</div><div style="font-size:xxx-large">{{c1::Cm }}</div><div style="position:absolute; bottom:2px;"></div></div></div>
<div style="display: flex; justify-content: center; align-items:center;"><div style="border-color: dimgrey; border-style:solid; border-width: 5px; width: 120px; height: 120px; display: flex; flex-direction:column; align-items:center; justify-content: center; position:relative"><div style="position:absolute; bottom:0px; left:5px;">97</div><div>berkelium</div><div style="font-size:xxx-large">{{c1::Bk }}</div><div style="position:absolute; bottom:2px;"></div></div></div>
<div style="display: flex; justify-content: center; align-items:center;"><div style="border-color: dimgrey; border-style:solid; border-width: 5px; width: 120px; height: 120px; display: flex; flex-direction:column; align-items:center; justify-content: center; position:relative"><div style="position:absolute; bottom:0px; left:5px;">98</div><div>californium</div><div style="font-size:xxx-large">{{c1::Cf }}</div><div style="position:absolute; bottom:2px;"></div></div></div>
<div style="display: flex; justify-content: center; align-items:center;"><div style="border-color: dimgrey; border-style:solid; border-width: 5px; width: 120px; height: 120px; display: flex; flex-direction:column; align-items:center; justify-content: center; position:relative"><div style="position:absolute; bottom:0px; left:5px;">99</div><div>einsteinium</div><div style="font-size:xxx-large">{{c1::Es }}</div><div style="position:absolute; bottom:2px;"></div></div></div>
<div style="display: flex; justify-content: center; align-items:center;"><div style="border-color: dimgrey; border-style:solid; border-width: 5px; width: 120px; height: 120px; display: flex; flex-direction:column; align-items:center; justify-content: center; position:relative"><div style="position:absolute; bottom:0px; left:5px;">100</div><div>fermium</div><div style="font-size:xxx-large">{{c1::Fm }}</div><div style="position:absolute; bottom:2px;"></div></div></div>
<div style="display: flex; justify-content: center; align-items:center;"><div style="border-color: dimgrey; border-style:solid; border-width: 5px; width: 120px; height: 120px; display: flex; flex-direction:column; align-items:center; justify-content: center; position:relative"><div style="position:absolute; bottom:0px; left:5px;">101</div><div>mendelevium</div><div style="font-size:xxx-large">{{c1::Md }}</div><div style="position:absolute; bottom:2px;"></div></div></div>
<div style="display: flex; justify-content: center; align-items:center;"><div style="border-color: dimgrey; border-style:solid; border-width: 5px; width: 120px; height: 120px; display: flex; flex-direction:column; align-items:center; justify-content: center; position:relative"><div style="position:absolute; bottom:0px; left:5px;">102</div><div>nobelium</div><div style="font-size:xxx-large">{{c1::No }}</div><div style="position:absolute; bottom:2px;"></div></div></div>
<div style="display: flex; justify-content: center; align-items:center;"><div style="border-color: dimgrey; border-style:solid; border-width: 5px; width: 120px; height: 120px; display: flex; flex-direction:column; align-items:center; justify-content: center; position:relative"><div style="position:absolute; bottom:0px; left:5px;">103</div><div>lawrencium</div><div style="font-size:xxx-large">{{c1::Lr }}</div><div style="position:absolute; bottom:2px;"></div></div></div>
<div style="display: flex; justify-content: center; align-items:center;"><div style="border-color: dimgrey; border-style:solid; border-width: 5px; width: 120px; height: 120px; display: flex; flex-direction:column; align-items:center; justify-content: center; position:relative"><div style="position:absolute; bottom:0px; left:5px;">104</div><div>rutherfordium</div><div style="font-size:xxx-large">{{c1::Rf }}</div><div style="position:absolute; bottom:2px;"></div></div></div>
<div style="display: flex; justify-content: center; align-items:center;"><div style="border-color: dimgrey; border-style:solid; border-width: 5px; width: 120px; height: 120px; display: flex; flex-direction:column; align-items:center; justify-content: center; position:relative"><div style="position:absolute; bottom:0px; left:5px;">105</div><div>dubnium</div><div style="font-size:xxx-large">{{c1::Db }}</div><div style="position:absolute; bottom:2px;"></div></div></div>
<div style="display: flex; justify-content: center; align-items:center;"><div style="border-color: dimgrey; border-style:solid; border-width: 5px; width: 120px; height: 120px; display: flex; flex-direction:column; align-items:center; justify-content: center; position:relative"><div style="position:absolute; bottom:0px; left:5px;">106</div><div>seaborgium</div><div style="font-size:xxx-large">{{c1::Sg }}</div><div style="position:absolute; bottom:2px;"></div></div></div>
<div style="display: flex; justify-content: center; align-items:center;"><div style="border-color: dimgrey; border-style:solid; border-width: 5px; width: 120px; height: 120px; display: flex; flex-direction:column; align-items:center; justify-content: center; position:relative"><div style="position:absolute; bottom:0px; left:5px;">107</div><div>bohrium</div><div style="font-size:xxx-large">{{c1::Bh }}</div><div style="position:absolute; bottom:2px;"></div></div></div>
<div style="display: flex; justify-content: center; align-items:center;"><div style="border-color: dimgrey; border-style:solid; border-width: 5px; width: 120px; height: 120px; display: flex; flex-direction:column; align-items:center; justify-content: center; position:relative"><div style="position:absolute; bottom:0px; left:5px;">108</div><div>hassium</div><div style="font-size:xxx-large">{{c1::Hs }}</div><div style="position:absolute; bottom:2px;"></div></div></div>
<div style="display: flex; justify-content: center; align-items:center;"><div style="border-color: dimgrey; border-style:solid; border-width: 5px; width: 120px; height: 120px; display: flex; flex-direction:column; align-items:center; justify-content: center; position:relative"><div style="position:absolute; bottom:0px; left:5px;">109</div><div>meitnerium</div><div style="font-size:xxx-large">{{c1::Mt }}</div><div style="position:absolute; bottom:2px;"></div></div></div>
<div style="display: flex; justify-content: center; align-items:center;"><div style="border-color: dimgrey; border-style:solid; border-width: 5px; width: 120px; height: 120px; display: flex; flex-direction:column; align-items:center; justify-content: center; position:relative"><div style="position:absolute; bottom:0px; left:5px;">110</div><div>darmstadtium</div><div style="font-size:xxx-large">{{c1::Ds }}</div><div style="position:absolute; bottom:2px;"></div></div></div>
<div style="display: flex; justify-content: center; align-items:center;"><div style="border-color: dimgrey; border-style:solid; border-width: 5px; width: 120px; height: 120px; display: flex; flex-direction:column; align-items:center; justify-content: center; position:relative"><div style="position:absolute; bottom:0px; left:5px;">111</div><div>roentgenium</div><div style="font-size:xxx-large">{{c1::Rg }}</div><div style="position:absolute; bottom:2px;"></div></div></div>
<div style="display: flex; justify-content: center; align-items:center;"><div style="border-color: dimgrey; border-style:solid; border-width: 5px; width: 120px; height: 120px; display: flex; flex-direction:column; align-items:center; justify-content: center; position:relative"><div style="position:absolute; bottom:0px; left:5px;">112</div><div>copernicium</div><div style="font-size:xxx-large">{{c1::Cn }}</div><div style="position:absolute; bottom:2px;"></div></div></div>
<div style="display: flex; justify-content: center; align-items:center;"><div style="border-color: dimgrey; border-style:solid; border-width: 5px; width: 120px; height: 120px; display: flex; flex-direction:column; align-items:center; justify-content: center; position:relative"><div style="position:absolute; bottom:0px; left:5px;">113</div><div>nihonium</div><div style="font-size:xxx-large">{{c1::Nh }}</div><div style="position:absolute; bottom:2px;"></div></div></div>
<div style="display: flex; justify-content: center; align-items:center;"><div style="border-color: dimgrey; border-style:solid; border-width: 5px; width: 120px; height: 120px; display: flex; flex-direction:column; align-items:center; justify-content: center; position:relative"><div style="position:absolute; bottom:0px; left:5px;">114</div><div>flerovium</div><div style="font-size:xxx-large">{{c1::Fl }}</div><div style="position:absolute; bottom:2px;"></div></div></div>
<div style="display: flex; justify-content: center; align-items:center;"><div style="border-color: dimgrey; border-style:solid; border-width: 5px; width: 120px; height: 120px; display: flex; flex-direction:column; align-items:center; justify-content: center; position:relative"><div style="position:absolute; bottom:0px; left:5px;">115</div><div>moscovium</div><div style="font-size:xxx-large">{{c1::Mc }}</div><div style="position:absolute; bottom:2px;"></div></div></div>
<div style="display: flex; justify-content: center; align-items:center;"><div style="border-color: dimgrey; border-style:solid; border-width: 5px; width: 120px; height: 120px; display: flex; flex-direction:column; align-items:center; justify-content: center; position:relative"><div style="position:absolute; bottom:0px; left:5px;">116</div><div>livermorium</div><div style="font-size:xxx-large">{{c1::Lv }}</div><div style="position:absolute; bottom:2px;"></div></div></div>
<div style="display: flex; justify-content: center; align-items:center;"><div style="border-color: dimgrey; border-style:solid; border-width: 5px; width: 120px; height: 120px; display: flex; flex-direction:column; align-items:center; justify-content: center; position:relative"><div style="position:absolute; bottom:0px; left:5px;">117</div><div>tennessine</div><div style="font-size:xxx-large">{{c1::Ts }}</div><div style="position:absolute; bottom:2px;"></div></div></div>
<div style="display: flex; justify-content: center; align-items:center;"><div style="border-color: dimgrey; border-style:solid; border-width: 5px; width: 120px; height: 120px; display: flex; flex-direction:column; align-items:center; justify-content: center; position:relative"><div style="position:absolute; bottom:0px; left:5px;">118</div><div>oganesson</div><div style="font-size:xxx-large">{{c1::Og }}</div><div style="position:absolute; bottom:2px;"></div></div></div>
